179,https://www.activehealth.sg/read/nutrition/what-is-good-nutrition-and-why-is-it-important,Error
186,https://www.sharpmuscle.com/fitness/resistance-training-strength-training/,Error
368,https://www.livingbetter50.com/easy-meals-grandkids-will-love/,Error
479,https://www.12magicaldates.com/reignite-marriage-relationship?r_done=1,Error
1064,https://www.thehealthy.com/sex/health-benefits-of-sex/,Error
1086,https://cmdetectors.com/blog/why-do-i-need-carbon-monoxide-detectors/,Error
1133,https://www.kiehls.com/skincare-advice/skincare-for-men.html,Error
1155,https://www.amplifon.com/uk/recognising-hearing-loss/how-the-ear-works/10-steps-to-better-hearing,Error
2078,http://www.planetofsuccess.com/blog/2016/ideas-to-pay-it-forward/,Error
2235,https://www.legalandgeneral.com/retirement/rewirement/funding-retirement/bank-of-mum-and-dad/,Error
3058,#REF!,Error
