,https://yogainternational.com/article/view/starting-yoga-after-age-49,Error
"Day to day expenses,Emergency Fund",https://www.indeed.com/career-advice/career-development/budget-strategy,Error
,https://click.linksynergy.com/deeplink?id=L8N3em0sP4o&mid=47900&murl=https://www.udemy.com/course/easily-learn-sculpture-and-modeling-in-clay/,Error
,https://click.linksynergy.com/deeplink?id=L8N3em0sP4o&mid=47900&murl=https://www.udemy.com/,Error
,https://click.linksynergy.com/deeplink?id=L8N3em0sP4o&mid=47900&murl=https://www.udemy.com/courses/search/?src=ukw&amp;q=caligraphy,Error
,https://click.linksynergy.com/deeplink?id=L8N3em0sP4o&mid=47900&murl=https://www.udemy.com/topic/chess/,Error
,https://click.linksynergy.com/deeplink?id=L8N3em0sP4o&mid=47900&murl=https://www.udemy.com/topic/bread-baking/,Error
,https://www.indeed.com/career-advice/finding-a-job/how-to-become-creative-writer,Error
"Current Job,New Job,Upskilling",https://www.awin1.com/cread.php?awinmid=31125&awinaffid=1198638&ued=https%3A%2F%2Fnewskillsacademy.com%2F,Error
"New Job,Upskilling,Self-Employment,Transferable Skills",https://www.indeed.com/career-advice/resumes-cover-letters/transferable-skills,Error
"Early Retirement,Lifelong learning",http://videolectures.net/Top/,Error
Give Back,https://uquiz.com/quiz/JMBd8Y/what-type-of-volunteer-are-you,Error
"Current Job,Helping others",https://www.indeed.com/career-advice/career-development/helping-and-supporting-others-at-work,Error
,https://click.linksynergy.com/deeplink?id=L8N3em0sP4o&mid=47900&murl=https://www.udemy.com/course/an-accelerated-guide-to-adult-learning-for-trainers/?matchtype=e&amp;msclkid=8e9dc4e92fb41b1e1568a0dce5993021&amp;utm_campaign=BG-LongTail_la.EN_cc.BE&amp;utm_content=deal4584&amp;utm_medium=udemyads&amp;utm_source=bing&amp;utm_term=_._ag_1214960761603319_._ad__._kw_Train&#43;the&#43;Trainer&#43;Training_._de_c_._dm__._pl__._ti_kwd-75935386650122%3Aloc-188_._li_132721_._pd__._,Error
"New Job,Upskilling,Self-Employment,Teaching",https://click.linksynergy.com/deeplink?id=L8N3em0sP4o&mid=47900&murl=https://www.udemy.com/teaching/?ref=teach_header,Error
,https://www.nfa.co.uk/story/story_category/why-are-foster-carers-so-important/,Error
"Current Job,New Job,Upskilling",https://www.indeed.com/career-advice/career-development/learning-skills-online,Error
"Hobby,Something New,Outdoors,Nature",https://www.planteriagroup.com/blog/celebrating-butterfly-awareness-day/,Error
"Something New,Outdoors,Beach,Sustainability",https://blog.tentree.com/10-benefits-of-cleaning-up-your-local-beach/,Error
,https://click.linksynergy.com/deeplink?id=L8N3em0sP4o&mid=47900&murl=https://www.udemy.com/course/the-menopausefor-men/,Error
,https://click.linksynergy.com/deeplink?id=L8N3em0sP4o&mid=47900&murl=https://www.udemy.com/topic/Beekeeping/?matchtype=p&amp;msclkid=f4f0961dddf815d07d7cf264d0c83a7f&amp;utm_campaign=BG-Orig-LongTail_la.EN_cc.BE&amp;utm_content=deal4584&amp;utm_medium=udemyads&amp;utm_source=bing&amp;utm_term=_._ag_1209463102497090_._ad__._kw_%2BBeekeeping%20%2BTraining_._de_c_._dm__._pl__._ti_kwd-75591644842813:loc-4139_._li_69173_._pd__._,Error
"Manage Debt,Day to day expenses,Smart shopping",https://jago.com/en/blog/manage-money-wisely-prioritize-needs,Error
Give Back,http://www.planetofsuccess.com/blog/2016/ideas-to-pay-it-forward/,Error
,https://www.indeed.com/career-advice/career-development/planning-a-networking-event,Error
,https://click.linksynergy.com/deeplink?id=L8N3em0sP4o&mid=47900&murl=https://www.udemy.com/course/mbsr-mindfulness-based-stress-reduction-online-course/?kw=mindfulness&#43;based&#43;stress&amp;src=sac,Error
"New Job,Find a Job",https://www.indeed.com/career-advice/finding-a-job/finding-job-while-employed,Error
Upskilling,https://www.indeed.com/career-advice/resumes-cover-letters/most-important-life-skills,Error
Upskilling,https://www.indeed.com/career-advice/career-development/skills-to-be-successful-in-the-workplace,Error
Self-Employment,https://www.indeed.com/career-advice/finding-a-job/best-self-employed-jobs,Error
"Hobby,Virtual activities",https://www.awin1.com/cread.php?awinmid=50027&awinaffid=1198638&ued=https%3A%2F%2Fwww.gamivo.com%2F,Error
Disease Mgt,https://click.linksynergy.com/deeplink?id=L8N3em0sP4o&mid=45490&murl=https://www.revitive.com/,Error
"Upskilling,Soft skills",https://www.indeed.com/career-advice/interviewing/why-are-soft-skills-important,Error
"Upskilling,Soft skills",https://click.linksynergy.com/deeplink?id=L8N3em0sP4o&mid=47900&murl=https://www.udemy.com/courses/search/?src=ukw&amp;q=soft&#43;skills,Error
"Upskilling,Self development",https://click.linksynergy.com/deeplink?id=L8N3em0sP4o&mid=47900&murl=https://www.udemy.com/,Error
